{
  "alphas": [
    0.05,
    0.1,
    0.15,
    0.2,
    0.25,
    0.3,
    0.35,
    0.39999999999999997,
    0.44999999999999996,
    0.49999999999999994,
    0.5499999999999999,
    0.6,
    0.65,
    0.7,
    0.75,
    0.7999999999999999,
    0.85,
    0.9,
    0.95,
    1.0
  ],
  "cvar_values": [
    -57.892181736577975,
    -57.892181736577975,
    -57.892181736577975,
    -57.892181736577975,
    -56.25323928405826,
    -56.25323928405826,
    -56.25323928405826,
    -56.25323928405826,
    -54.61347726390439,
    -54.61347726390439,
    -54.61347726390439,
    -54.61347726390439,
    -53.4188524171376,
    -53.4188524171376,
    -53.4188524171376,
    -53.4188524171376,
    -50.840457437858305,
    -50.840457437858305,
    -50.840457437858305,
    -50.840457437858305
  ]
}