{
  "alphas": [
    0.05,
    0.1,
    0.15,
    0.2,
    0.25,
    0.3,
    0.35,
    0.39999999999999997,
    0.44999999999999996,
    0.49999999999999994,
    0.5499999999999999,
    0.6,
    0.65,
    0.7,
    0.75,
    0.7999999999999999,
    0.85,
    0.9,
    0.95,
    1.0
  ],
  "cvar_values": [
    -82.24800924471091,
    -81.53737854902111,
    -78.4140305871609,
    -74.50145579980209,
    -72.04258275369592,
    -69.72056843559292,
    -68.03079890716222,
    -66.66579996565636,
    -65.56206040202214,
    -64.46728404497378,
    -63.318032000446856,
    -62.31935876904267,
    -61.398416070693436,
    -60.57245619970371,
    -59.23608428777287,
    -57.10317546959917,
    -55.125009549468814,
    -53.109366290933444,
    -50.939775243260925,
    -48.228581767303965
  ]
}